{
  "version": 1,
  "unit": "seconds",
  "benchmarks": {
    "workflow/reject-resubmit-cycles-50000": 0.0006046585509515325,
    "workflow/reject-resubmit-cycles-100000": 0.0012461964765749583,
    "workflow/reject-resubmit-cycles-200000": 0.0024338308010211714,
    "workflow/reject-resubmit-cycles-400000": 0.0047379439909816185
  }
}
